Year,Summary,Question,District,votes_for,percent_for,votes_against,percent_against,result
2024,Parishwide School District -- $110M Bond - SB - 20 Yrs.,"Shall the Parishwide School District of Ascension Parish, Louisiana (the ""District""), incur debt and issue bonds to the amount of not exceeding One Hundred Ten Million Dollars ($110,000,000), in one or more series, to run not exceeding twenty (20) years from date thereof, with interest at a rate or rates not exceeding seven per centum (7%) per annum, for the purpose of acquiring and/or improving lands for building sites and playgrounds, including construction of necessary sidewalks and streets adjacent thereto; purchasing, erecting and/or improving school buildings and other school related facilities within and for the District and acquiring the necessary equipment and furnishings therefor, title to which shall be in the public; which bonds will be general obligations of the District and will be payable from ad valorem taxes to be levied and collected in the manner provided by Article VI, Section 33 of the Constitution of the State of Louisiana of 1974 and statutory authority supplemental thereto, with no estimated increase in the millage rate to be levied in the first year of issue above the 15.08 mills currently being levied to pay General Obligation Bonds of the District?",Ascension Parish,5928,1553,79,21,pass
2024,City of Gonzales -- 3.27 Mills Renewal - M&CC - 10 Yrs.,"Shall the City of Gonzales, State of Louisiana (the ""City"") be authorized to renew the levy and collection of a tax of 3.27 mills on assessed valuation of all property subject to taxation in the City (an estimated $576,122.00 reasonably expected at this time to be collected from the levy of the tax for an entire year) (the ""Tax""), for a period of ten (10) years beginning with the year 2026 and ending with the year 2035, with the proceeds of the Tax (after paying the reasonable and necessary costs and expenses of collection and administering the Tax), to be dedicated and used for the purpose of paying the costs of constructing, maintaining, and operating fire department stations and equipment and providing for other matters in connection therewith?",Ascension Parish,502,146,77,23,pass
2024,Fire Protection District No. 3 -- 10 Mills Renewal - BOC - 10 Yrs.,"Shall Fire Protection District No. 3 of the Parish of Ascension, State of Louisiana (the ""District""), under the provisions of Article VI, Section 30 of the Constitution of the State of Louisiana of 1974, La. R.S. 40:1501 and other constitutional and statutory authority supplemental thereto, be authorized to renew the levy and collection, and adopt a resolution providing for such levy and collection, of an ad valorem tax of ten (10) mills (an estimated $2,800,000 reasonably expected at this time to be collected from the levy of the tax for an entire year) (the ""Tax"") in each calendar year on all property subject to taxation in the District for a period of ten (10) years, commencing in the year 2025 and ending in the year 2034, and shall the avails or proceeds of said Tax be used entirely and exclusively for development, operation and maintenance of the fire protection facilities of the District and paying the costs of obtaining water for fire protection purposes, including charges for fire hydrant rentals and service, and salaries of firemen, and all purposes incidental thereto, within the District?",Ascension Parish,2499,284,90,10,pass
2024,Gravity Drainage District No. 2 -- $0.35 Acreage Tax - BOC - 10 Yrs.,"Shall Gravity Drainage District No. 2 of the Parish of Assumption, Louisiana (the ""District""), levy and collect an acreage tax of Thirty-Five Cents ($0.35) per acre on each and every acre of land in said District, for a period of 10 years, beginning with the year 2024 and ending with the year 2033 (an estimated $8,900 reasonably expected at this time to be collected from the levy of the tax for an entire year), for the purpose of maintaining, improving and keeping in repair the system of gravity drainage constructed in said District?",Assumption Parish,72,35,67,33,pass
2024,Parishwide Law Enforcement District -- 1/2% S&U Tax Renewal - Sheriff - 10 Yrs.,"Shall the Law Enforcement District of the Parish of Beauregard, State of Louisiana (the ""District""), be authorized to continue to levy and collect a sales and use tax of 1/2% (the ""Tax""), (an estimated $4,000,000 reasonably expected at this time to be collected from the levy of the Tax for an entire year), in accordance with Louisiana law, for a period of 10 years, from and after October 1, 2024, with the proceeds of the Tax (after paying the reasonable and necessary costs and expenses of collecting and administering the Tax) to be dedicated and used towards the payment of the salaries and benefits of deputies?",Beauregard Parish,1202,251,83,17,pass
2024,Road District No. One -- 24.36 Mills - PJ - 10 Yrs.,"Shall Road District No. One of the Parish of Beauregard, Louisiana (the ""District""), be authorized to levy a 24.36 mills tax on all of the property subject to taxation within the District (an estimated $746,548 reasonably expected at this time to be collected from the levy of the tax for an entire year), for a period of 10 years, beginning with the year 2024 and ending with the year 2033, for the purpose of maintaining Parish roads and bridges within the District?",Beauregard Parish,34,20,63,37,pass
2024,Fire Protection District No. 2 -- 6.81 Mills Renewal - BOC - 10 Yrs.,"Shall Fire Protection District No. 2 of the Parish of Beauregard, State of Louisiana (the ""District""), be authorized to continue to levy a special tax of 6.81 mills on all property subject to taxation in the District (an estimated $884,000 reasonably expected at this time to be collected from the levy of the tax for an entire year), for a period of 10 years, beginning with the year 2025 and ending with the year 2034, for the purpose of constructing, acquiring, improving, maintaining and operating fire protection facilities in the District and paying the cost of obtaining water for fire protection purposes, including charges for fire hydrant rentals and service?",Beauregard Parish,280,60,82,18,pass
2024,Parishwide Proposition -- 6.03 Mills Continuation - PJ - 10 Yrs.,"Shall the Parish of Bienville, State of Louisiana (the ""Parish""), continue to levy a 6.03 mills tax on all the property subject to taxation in the Parish (an estimated $2,568,000 reasonably expected at this time to be collected from the levy of the tax for an entire year), for a period of 10 years, beginning with the year 2026 and ending with the year 2035, for the purpose of providing necessary funds for the purpose of building, improving and maintaining roads and bridges in the Parish, said millage to represent an .11 mills increase (due to reappraisal) over the 5.92 mills tax authorized to be levied through the year 2025 pursuant to an election held on March 28, 2015?",Bienville Parish,916,335,73,27,pass
2024,Parishwide School District -- 13.09 Mills Continuation - SB - 10 Yrs.,"Shall Parishwide School District of the Parish of Bienville, State of Louisiana (the ""District""), continue to levy a special tax of 13.09 mills on all property subject to taxation in the District (an estimated $5,574,000 expected at this time to be collected from the levy of the tax for an entire year), for a period of 10 years, beginning with the year 2025 and ending with the year 2034, solely for the purpose of paying salaries and benefits for employees and retirees of the Bienville Parish Schools, said millage to represent a 1.08 mills increase (due to reappraisal) over the 12.01 mills tax authorized to be levied through the year 2024 pursuant to an election held on May 3, 2014?",Bienville Parish,914,340,73,27,pass
2024,Fire Protection District No. 6 -- 10 Mills - BOC - 10 Yrs.,"Shall Bienville Parish Fire Protection District No. 6, State of Louisiana (the ""District""), levy a 10 mills tax on all property subject to taxation in the District (an estimated $455,600 reasonably expected at this time to be collected from the levy of the tax for an entire year), for a period of 10 years, beginning with the year 2024 and ending with the year 2033, for the purpose of acquiring, constructing, improving, maintaining, operating and/or purchasing fire protection equipment and facilities and emergency medical service facilities, vehicles and equipment for the District, including payment of salaries in connection therewith?",Bienville Parish,187,108,63,37,pass
2024,Shady Grove Recreation District -- 5 Mills Renewal - BOC - 10 Yrs.,"Shall Shady Grove Recreation District, Bienville Parish, Louisiana (the ""District""), continue to levy a special tax of 5 mills on all the property subject to taxation in the District (an estimated $91,580 reasonably expected at this time to be collected from the levy of the tax for an entire year), for a period of 10 years, beginning with the year 2025 and ending with the year 2034, for the purpose of acquiring, constructing, maintaining and operating recreational facilities for the District, including the acquisition of equipment therefor?",Bienville Parish,92,25,79,21,pass
2024,Parishwide Proposition -- 7.43 Mills Renewal - PJ - 10 Yrs.,"Shall the Parish of Bossier, State of Louisiana (the ""Parish""), continue to levy a special tax of 7.43 mills on all property subject to taxation within the Parish (an estimated $9,513,500 reasonably expected at this time to be collected from the levy of the tax for an entire year), for a period of 10 years, beginning with the year 2026 and ending with the year 2035, for the purpose of acquiring, constructing, improving, equipping, maintaining and operating the public library facilities and system in the Parish?",Bossier Parish,3874,1947,67,33,pass
2024,City of Bossier City Proposition No. 1 of 2 -- 8.32 Mills Renewal - CC - 10 Yrs.,"Shall the City of Bossier City, State of Louisiana (the ""City""), continue to levy an 8.32 mills tax on all property subject to taxation in the City, for a period of 10 years, beginning with the year 2026 and ending with the year 2035 (an estimated $6,116,150 reasonably expected at this time to be collected from the levy of the tax for an entire year), for the purpose of operating and maintaining the Fire and Police Departments of the City?",Bossier Parish,2179,581,79,21,pass
2024,City of Bossier City Proposition No. 2 of 2 -- 2.71 Mills Renewal - CC - 10 Yrs.,"Shall the City of Bossier City, State of Louisiana (the ""City""), continue to levy a 2.71 mills tax on all property subject to taxation in the City, for a period of 10 years, beginning with the year 2026 and ending with the year 2035 (an estimated $1,992,160 reasonably expected at this time to be collected from the levy of the tax for an entire year), for the purpose of operating and maintaining the Fire and Police Departments of the City?",Bossier Parish,2135,610,78,22,pass
2024,Cypress-Black Bayou Rec. and Water Conserv. Dist. -- 1.54 Mills Renewal - BOC - 10 Yrs.,"Shall Cypress-Black Bayou Recreation and Water Conservation District of Bossier Parish, Louisiana (the ""District""), continue to levy and collect a special ad valorem tax of 1.54 mills on all property subject to taxation in the District (an estimated $1,456,300 reasonably expected at this time to be collected from the levy of the tax for an entire year), for a period of 10 years, beginning with the year 2025 and ending with the year 2034, for the purpose of improving, operating and maintaining the public facilities of the District for the benefit of the public, including the construction, operation and maintenance of a children's zoo?",Bossier Parish,2751,1652,62,38,pass
2024,Fire District Seven -- 10 Mills - BOC - 10 Yrs.,"Shall Caddo Parish Fire District Seven, State of Louisiana (the ""District""), continue to levy a tax of 10 mills on all the property subject to taxation in the District (an estimated $674,250 reasonably expected at this time to be collected from the levy of the tax for an entire year), for a period of 10 years, beginning with the year 2024 and ending with the year 2033, for the purpose of hiring full time firefighters and paying salaries and related benefits, together with providing an allowance for uniforms and equipment?",Caddo Parish,186,29,87,13,pass
2024,Recreation Dist. No. One of Ward Three -- $30M Bond - BOC - 15 Yrs.,"Shall Recreation District No. One of Ward Three of Calcasieu Parish, Louisiana (the ""District""), incur debt and issue bonds, in one or more series, in an amount not to exceed $30,000,000 for a period not to exceed fifteen (15) years from the issuance thereof, with interest at a rate not exceeding 7.0% per annum, for the purpose of establishing, acquiring, constructing, improving, extending and maintaining within said District a recreational system and facilities for the benefit of all its citizens, with all necessary equipment and installations, including both movable and immovable property, owned or used by the District, in connection therewith, title to which shall be in the public, which said bonds shall be retired with, paid from and secured by an ad valorem tax on all taxable property within the limits of the District, sufficient in rate and amount to pay said bonds in principal and interest, with the estimated millage rate to be 3.00 mills in the first year of issue?",Calcasieu Parish,2447,840,74,26,pass
2024,Parishwide School District -- 9 Mills - SB - 10 Yrs.,"Shall Claiborne Parish School District, Claiborne Parish, Louisiana (the ""District""), levy a special tax of 9 mills on all the property subject to taxation in the District (an estimated $1,017,000 reasonably expected at this time to be collected from the levy of the tax for an entire year), for a period of 10 years, beginning with the year 2024 and ending with the year 2033, for the purpose of constructing, improving, maintaining and supporting school houses and buildings and other school property within said Parish, provided if the tax is approved, the tax millages in Haynesville School District No. 11, Homer School District No. 13 and Summerfield and Eastern Pineview Consolidated School District shall not be levied?",Claiborne Parish,440,397,53,47,pass
2024,Monterey FPD No. 1 Proposition No. 1 of 2 -- 10 Mills Renewal - BOC - 10 Yrs.,"Shall Monterey Fire Protection District No. 1 of the Parish of Concordia, State of Louisiana (the ""District""), continue to levy a special tax of 10 mills on all the property subject to taxation in the District (an estimated $150,230 reasonably expected at this time to be collected from the levy of the tax for an entire year), for a period of 10 years, beginning with the year 2027 and ending with the year 2036, for the purpose of acquiring, constructing, improving, maintaining and/or operating the District's fire protection facilities and equipment, including paying the cost of obtaining water for fire protection purposes?",Concordia Parish,108,77,58,42,pass
2024,Parishwide Proposition -- 5 Mills Renewal - PJ - 10 Yrs.,"Shall the Parish of DeSoto, State of Louisiana (the ""Parish""), continue to levy a 5 mills tax on all the property subject to taxation in the Parish (an estimated $4,583,500 reasonably expected at this time to be collected from the levy of the tax for an entire year), for a period of 10 years, beginning with the year 2026 and ending with the year 2035, for the purpose of collecting and disposing of solid waste, including operating and maintaining the Parish's solid waste landfill facilities and equipment, which facilities and equipment may receive and dispose of solid waste from within and from without the Parish?",De Soto Parish,1472,1212,55,45,pass
2024,Central Community School System -- 32.52 Mills Renewal - SB - 10 Yrs.,"Shall the Central Community School Board (""Board""), acting as the governing authority of the Central Community School System (""District"") be authorized to continue to levy and collect annually an ad valorem tax of 32.52 mills on the dollar of assessed valuation of all property subject to taxation within the geographic boundaries of the District (an estimated $7,114,107 reasonably expected at this time to be collected from the levy of the tax for an entire year), for giving additional support to public schools, including paying salaries and benefits of school personnel and other costs of maintaining and operating the school system, for a period of 10 years, beginning in 2027 and ending in 2036, said tax to be subject to funding into bonds?",East Baton Rouge Parish,1250,941,57,43,pass
2024,Mayfair Park/Park E./Heights Crime Prev & Imp Dist -- $144 Parcel Fee Continuation - BOC - 5 Yrs.,"Shall Mayfair Park/Park East/Heights Crime Prevention and Improvement District (the ""District""), be authorized to continue its annual parcel fee of up to one hundred forty-four dollars ($144) on each improved parcel in the District for 5 years beginning in 2024 and ending in 2028 for the purposes of aiding in crime prevention, adding to the security of District residents by providing for an increase in the presence of law enforcement personnel, beautification of public spaces within the District, and promoting and encouraging beautification of private spaces within the District pursuant to La. R.S. 33:9097.18 and La. R.S. 33:9099.1, which parcel fee shall not be imposed on a parcel if any owner of the parcel is 65 years of age or older (the estimated maximum collection for the initial levy is $63,360)?",East Baton Rouge Parish,91,16,85,15,pass
2024,Ward Five Fire Protection District -- 11.53 Mills in Lieu - BOC - 20 Yrs.,"Shall Ward Five Fire Protection District of the Parish of Evangeline, State of Louisiana (the ""District"") (the boundaries of which have been expanded to include Lone Pine Fire District, Parish of Evangeline, State of Louisiana), be authorized to levy a 11.53 mills tax on all the property subject to taxation within the District (an estimated $763,100 reasonably expected at this time to be collected from the levy of the tax for an entire year), for a period of 20 years, beginning with the year 2024 and ending with the year 2043, for the purpose of acquiring, constructing, improving, maintaining and operating fire protection facilities and equipment, including paying the cost of obtaining water for fire protection purposes and salaries and benefits of firemen, said tax to be in lieu of and replace the Ward Five Fire Protection District ad valorem tax of 11.51 mills authorized to be levied through the year 2026 at an election held on April 9, 2016 and the Lone Pine Fire District ad valorem tax of 20 mills authorized to be levied through the year 2031 at an election held on March 20, 2021?",Evangeline Parish,149,56,73,27,pass
2024,City of Winnsboro -- 6.5 Mills - M&CC - 15 Yrs.,"Shall the City of Winnsboro, State of Louisiana (the ""City""), levy and collect a special tax of 6.5 mills on the dollar on all property subject to taxation in the City (an estimated $188,935 reasonably expected at this time to be collected from the levy of the tax for an entire year), for a period of fifteen (15) years, beginning with the year 2024 and ending with the year 2038, for the purposes of acquiring, constructing, equipping, maintaining and operating a new public recreational facility, swimming pool, playgrounds and other recreational facilities of the City, including grant matching funds for such purposes, and further including festivals and other recreational activities to promote economic development in the City?",Franklin Parish,384,191,67,33,pass
2024,Consolidated School District No. 33 -- 2 Mills In-Lieu - SB - 10 Yrs.,"Shall Consolidated School District No. 33 of the Parish of Grant, Louisiana (the ""District""), levy a special tax of 2 mills on all property subject to taxation within the District for a period of 10 years, beginning with the year 2024 and ending with the year 2033 (an estimated $121,800 reasonably expected at this time to be collected from the levy of the tax for an entire year), for the purpose of improving, repairing, maintaining or operating Grant Junior High School, said tax to be in lieu of and replace the 4.03 mills authorized to be levied in Consolidated School District No. 11 through the year 2032 pursuant to an election held on December 11, 2021?",Grant Parish,579,244,70,30,pass
2024,Parishwide Law Enforcement District -- 0.25% S&U Tax - Sheriff - In Perp.,"Shall the Law Enforcement District of the Parish of Iberia, State of Louisiana (the ""District""), be authorized to levy and collect a sales and use tax of 0.25% (the ""Tax"") (an estimated $4,000,000 reasonably expected to be collected from the levy of the Tax for an entire year), in perpetuity, commencing July 1, 2024, in accordance with Louisiana law, with the proceeds of the Tax (after paying the reasonable and necessary costs and expenses of collecting and administering the Tax) to be dedicated and used to pay costs and expenses of operating and supporting the Iberia Parish Sheriff's Office, including paying salaries and benefits of current and any additional law enforcement personnel?",Iberia Parish,3406,2452,58,42,pass
2024,Parishwide Proposition No. 1 of 4 -- 2.11 Mills Renewal - PC - 10 Yrs.,"Shall the Parish of Iberia, State of Louisiana (the ""Parish""), continue to levy a special tax of 2.11 mills on all property subject to taxation in the Parish (an estimated $1,244,458 reasonably expected at this time to be collected from the levy of the tax for an entire year), for a period of 10 years, beginning with the year 2025 and ending with the year 2034, for the purpose of acquiring, constructing, improving, maintaining or operating the public health units of the Parish and other related public health activities?",Iberia Parish,3376,2506,57,43,pass
2024,Parishwide Proposition No. 2 of 4 -- 4.76 Mills Renewal - PC - 10 Yrs.,"Shall the Parish of Iberia, State of Louisiana (the ""Parish""), continue to levy a special tax of 4.76 mills on all property subject to taxation in the Parish (an estimated $2,807,405 reasonably expected at this time to be collected from the levy of the tax for an entire year), for a period of 10 years, beginning with the year 2025 and ending with the year 2034, for the purpose of acquiring, constructing, improving, maintaining or operating public buildings in the Parish?",Iberia Parish,3289,2573,56,44,pass
2024,Parishwide Proposition No. 3 of 4 -- 4 Mills Renewal - PC - 10 Yrs.,"Shall the Parish of Iberia, State of Louisiana (the ""Parish""), continue to levy a special tax of 4 mills on all the property subject to taxation in the Parish (an estimated $2,359,163 reasonably expected at this time to be collected from the levy of the tax for an entire year), for a period of 10 years, beginning with the year 2025 and ending with the year 2034, for the purpose of constructing, improving, maintaining or operating drainage facilities in the Parish?",Iberia Parish,3679,2145,63,37,pass
2024,Sales Tax District No. 1 -- 3/4% S&U Tax - PC - 10 Yrs.,"Shall Sales Tax District No. 1 of the Parish of Iberia, State of Louisiana (the ""District""), consisting of the currently unincorporated areas of the Parish of Iberia, be authorized to levy and collect a sales and use tax of 3/4% (the ""Tax"") (an estimated $4,800,000 reasonably expected to be collected from the levy of the Tax for an entire year), for a period of 10 years, commencing July 1, 2024, in accordance with Louisiana law, with the proceeds of the Tax (after paying reasonable and necessary costs and expenses of collecting and administering the Tax) to be dedicated and used for the purpose of constructing, improving and maintaining roads and streets within the District?",Iberia Parish,1888,1393,58,42,pass
2024,Village of Loreauville -- 7 Mills - M&BOA - 10 Yrs.,"Shall the Village of Loreauville, State of Louisiana (the ""Village""), levy a special tax of 7 mills (the ""Tax"") on all property subject to taxation in the Village (an estimated $28,000 reasonably expected at this time to be collected from the levy of the Tax for an entire year), for a period of 10 years, beginning with the year 2025 and ending with the year 2034, for the purpose of improving, maintaining and operating sewerage works for the Village, title to which shall be in the public?",Iberia Parish,52,23,69,31,pass
2024,Fire Protection District No. 1 -- 3.95 Mills Renewal - PC - 10 Yrs.,"Shall Fire Protection District No. 1 of the Parish of Iberville, State of Louisiana (the ""District""), continue to levy a special tax of 3.95 mills on all property subject to taxation in the District (an estimated $338,000 reasonably expected at this time to be collected from the levy of the tax for an entire year), for a period of 10 years, beginning with the year 2026 and ending with the year 2035, for the purpose of continuing the maintenance, operation and capital expenditures necessary to operate the fire protection district facilities and to obtain water for its protection purposes?",Iberville Parish,669,224,75,25,pass
2024,Fire Protection District No. 2 -- 6.78 Mills Renewal - PC - 10 Yrs.,"Shall Fire Protection District No. 2 of the Parish of Iberville, State of Louisiana (the ""District""), continue to levy a special tax of 6.78 mills on all property subject to taxation in the District (an estimated $80,000 reasonably expected at this time to be collected from the levy of the tax for an entire year), for a period of 10 years, beginning with the year 2025 and ending with the year 2034, for the purpose of financing the maintenance, operation and capital expenditures necessary to operate the fire protection service throughout the District?",Iberville Parish,185,30,86,14,pass
2024,Parishwide Proposition -- 2.5 Mills Renewal - PJ - 10 Yrs.,"Shall the Parish of Jackson, State of Louisiana (the ""Parish""), continue to levy a tax of 2.5 mills on all the property subject to taxation in the Parish (an estimated $513,400 expected at this time to be collected from the levy of the tax for an entire year), for a period of 10 years, beginning with the year 2025 and ending with the year 2034, for the purpose of constructing, improving, maintaining, operating and supporting facilities and programs for the elderly in the Parish through the Jackson Council on the Aging?",Jackson Parish,765,243,76,24,pass
2024,Parishwide School Board -- 6.80 Mills Renewal - SB - 10 yrs.,"Shall the Parish School Board of the Parish of Jefferson, Louisiana, be authorized to continue to levy and collect, for a period of 10 years, beginning with the year 2025 and ending with the year 2034, an ad valorem tax of 6.80 mills on all property subject to taxation in the Parish of Jefferson (an estimated $28,584,195 reasonably expected at this time to be collected from the levy of the tax for an entire year), for the purpose of paying costs of operating and maintaining the public school system in the Parish?",Jefferson Parish,5910,8909,64,36,pass
2024,Parishwide Proposition -- 2.61 Mills Renewal - PJ - 10 Yrs.,"Shall the Parish of Jefferson Davis, State of Louisiana (the ""Parish""), be authorized to continue to levy a tax of 2.61 mills on all property subject to taxation within the Parish, for a period of 10 years, beginning with the year 2025 and ending with the year 2034, (with collections from the levy of the tax estimated to be $748,500 for one entire year), for upkeep and maintenance of the Parish courthouse and Parish jail?",Jefferson Davis Parish,1094,557,66,34,pass
2024,Sub Road Dist. No. 1 of Road Dist. Number Eleven -- 10.46 Mills Continuation - PJ - 10 Yrs.,"Shall Sub Road District No. 1 of Road District Number Eleven of the Parish of Jefferson Davis, Louisiana (the ""District""), be authorized to continue to levy a tax of 10.46 mills on all property subject to taxation within the District, for a period of 10 years, beginning with the year 2025 and ending with the year 2034, (with collections from the levy of the tax estimated to be $339,000 for one entire year), for the purpose of improving and maintaining Parish roads and bridges within the District, title to which shall be in the public, said millage to represent a .14 mills increase (due to reappraisal) over the 10.32 mills tax authorized to be levied through the year 2024 pursuant to an election held on December 6, 2014?",Jefferson Davis Parish,52,21,71,29,pass
2024,School District No. 1 -- 3.15M Bond - SB - 20 Yrs.,"Shall School District No. 1 of the Parish of Jefferson Davis, State of Louisiana (the ""District""), incur debt and issue bonds not exceeding $3,015,000, in one or more series, to run not exceeding 20 years from date thereof, with interest at a rate not exceeding 7% per annum, for the purpose of financing capital expenditures for school purposes for the District, including constructing, acquiring and/or improving schools and other school related facilities, together with equipment and furnishings therefor, title to which shall be in the public; which bonds will be general obligations of the District and will be payable from ad valorem taxes to be levied and collected in the manner provided by Article VI, Section 33 of the Constitution of the State of Louisiana of 1974 and statutory authority supplemental thereto, with an estimated increase of 2 mills to be levied in the first year of issue above the 2 mills currently being levied to pay General Obligation Bonds of the District?",Jefferson Davis Parish,104,87,54,46,pass
2024,Welsh-Roanoke Consolidated Sch. Dist. No. One (1) -- 8.5M Bond - SB - 20 Yrs.,"Shall Welsh-Roanoke Consolidated School District No. One (1) of Jefferson Davis Parish, Louisiana (the ""District""), incur debt and issue bonds not exceeding $8,500,000, in one or more series, to run not exceeding 20 years from date thereof, with interest at a rate not exceeding 7% per annum, for the purpose of financing capital expenditures for school purposes for the District, including constructing, acquiring and/or improving schools and other school related facilities, together with equipment and furnishings therefor, title to which shall be in the public; which bonds will be general obligations of the District and will be payable from ad valorem taxes to be levied and collected in the manner provided by Article VI, Section 33 of the Constitution of the State of Louisiana of 1974 and statutory authority supplemental thereto, with an estimated 12 mills to be levied in the first year of issue to pay said bonds?",Jefferson Davis Parish,267,85,76,24,pass
2024,Town of Welsh -- 1% S&U Tax - M&BOA - 15 Yrs.,"Shall the Town of Welsh, State of Louisiana (the ""Town""), be authorized to continue to levy a sales and use tax of 1% (the ""Tax"") in accordance with Louisiana law (an estimated $580,000 reasonably expected at this time to be collected from the levy of the Tax for an entire year), for a period of 15 years from and after April 1, 2026, with the proceeds of the Tax (after paying the reasonable and necessary expenses of collecting and administering the Tax), to be dedicated and used for the purpose of paying the costs of constructing, improving, re-surfacing and maintaining public streets, alleys and sidewalks, including drainage incidental thereto, and acquiring equipment therefor?",Jefferson Davis Parish,189,26,88,12,pass
2024,Fire Protection District No. 6 -- 5.59 Mills Continuation - BOC - 10 Yrs.,"Shall Fire Protection District No. 6 of the Parish of Jefferson Davis, State of Louisiana (the ""District""), be authorized to continue to levy a special tax of 5.59 mills on all property subject to taxation within the District, for a period of 10 years, beginning with the year 2025 and ending with the year 2034, with collections from the levy of the tax estimated to be $77,800 for one entire year, for the purpose of fire protection, including constructing, improving, maintaining and operating fire protection facilities, title to which shall be in the public, said millage to represent a .06 mills increase (due to reappraisal) over the 5.53 mills tax authorized to be levied through the year 2024 pursuant to an election held on December 6, 2014?",Jefferson Davis Parish,294,124,70,30,pass
2024,Fire Protection District No. 3 -- 7 Mills - BOC - 10 Yrs.,"Shall Fire Protection District No. 3 of the Parish of Lafourche, State of Louisiana (the ""District""), levy a 7 mills tax on all the property subject to taxation in the District (the ""Tax"") for a period of 10 years, beginning with the year 2024 and ending with the year 2033 (an estimated $3,065,000 reasonably expected at this time to be collected from the levy of the Tax for an entire year), for the purpose of acquiring, constructing, maintaining and operating the District's fire protection facilities and equipment and for salaries to provide professional fire protection?",Lafourche Parish,1512,369,80,20,pass
2024,Water District No. 1 -- 3.57 Mills Renewal - BOC - 10 Yrs.,"Shall Water District No. 1 of the Parish of Lafourche, State of Louisiana (the ""District""), continue to levy a special tax of 3.57 mills on all the property subject to taxation within the District (an estimated $2,670,600 expected at this time to be collected from the levy of the tax for an entire year), for a period of 10 years, beginning with the year 2026 and ending with the year 2035, for the purpose of paying maintenance and operating expenses of waterworks in said District?",Lafourche Parish,2412,1135,68,32,pass
2024,Choudrant School District No. 6 -- $2M Bond - SB - 20 Yrs.,"Shall Choudrant School District No. 6 of the Parish of Lincoln, State of Louisiana (the ''District""), incur debt and issue bonds to the amount of not exceeding $2,000,000, in one or more series, to run not exceeding 20 years from date thereof, with interest at a rate or rates not exceeding 7% per annum, for the purpose of financing capital expenditures for school purposes for the District, including constructing, acquiring and/or improving schools and other school related facilities, together with equipment and furnishings therefor, including, to the extent feasible, those specific school projects set forth in the ""Capital Improvement Plan"" approved by the School Board on February 6, 2024, title to which shall be in the public; which bonds will be general obligations of the District and will be payable from ad valorem taxes to be levied and collected in the manner provided by Article VI, Section 33 of the Constitution of the State of Louisiana of 1974 and statutory authority supplemental thereto, with no estimated increase in the millage rate to be levied in the first year of issue above the 14 mills currently being levied to pay General Obligation Bonds of the District?",Lincoln Parish,292,173,63,37,pass
2024,Ruston School District No. 1 -- $17.5M Bond - SB - 5 Yrs.,"Shall Ruston School District No. 1 of the Parish of Lincoln, State of Louisiana (the ""District""), incur debt and issue bonds to the amount of not exceeding $17,500,000, in one or more series, to run not exceeding 5 years from date thereof, with interest at a rate or rates not exceeding 7% per annum, for the purpose of financing capital expenditures for school purposes for the District, including constructing, acquiring and/or improving schools and other school related facilities, together with equipment and furnishings therefor, including, to the extent feasible, those specific school projects set forth in the ""Capital Improvement Plan"" approved by the School Board on February 6, 2024, title to which shall be in the public; which bonds will be general obligations of the District and will be payable from ad valorem taxes to be levied and collected in the manner provided by Article VI, Section 33 of the Constitution of the State of Louisiana of 1974 and statutory authority supplemental thereto, with no estimated increase in the millage rate to be levied in the first year of issue above the 16.75 mills currently being levied to pay General Obligation Bonds of the District?",Lincoln Parish,1161,1001,54,46,pass
2024,Special Taxing District No. 5 -- 1/2% S&U Tax Renewal - PC - 10 Yrs.,"Shall Special Taxing District No. 5 of the Parish of Livingston, Louisiana (the ""District"") be authorized to renew the levy and collection of a 1/2% tax (an estimated $2,100,000 reasonably expected at this time to be collected from the levy of the tax for an entire year) (the ""Tax"") upon the sale at retail, the use, the lease or rental, the consumption and storage for use or consumption, of tangible personal property and on sales of services in the District, for a period of ten (10) years, commencing on August 1, 2025, with the proceeds of the Tax (after paying the reasonable and necessary expenses of collecting and administering the Tax), to be dedicated and used to acquire drainage works, equipment and facilities necessary to construct, maintain and operate outlets for the waters of the District, and prevent flooding; and further shall the District be authorized to fund the proceeds of the Tax into bonds to the extent and in the manner permitted by the laws of Louisiana?",Livingston Parish,636,377,63,37,pass
2024,City of Walker -- 1/2% S&U Tax Renewal - M&CC - 25 Yrs.,"Shall the City of Walker, State of Louisiana (the ""City"") be authorized to renew the levy and collection of a tax of one-half of one percent (1/2%) for a period of twenty-five (25) years, commencing on April 1, 2025, upon the sale at retail, the use, the lease or rental, the consumption, and the storage for use or consumption, of tangible personal property and on sales of services in the City, all as defined in R.S. 47:301 through 47:317, inclusive, with the net proceeds of the tax (an estimated $1,800,000 reasonably expected at this time to be collected from the levy of the tax for an entire year), to be expended for the purpose of extending, improving, maintaining and operating the sewerage system of the City and constructing, improving and maintaining public streets and drainage facilities, including equipment therefor, and shall the City be further authorized to fund the proceeds of the tax into bonds to pay the cost of any of the aforesaid capital purposes to the extent and in the manner permitted by the laws of Louisiana?",Livingston Parish,233,106,69,31,pass
2024,Fire Protection District No. 5 -- 10.14 Mills Renewal - BOC - 20 Yrs.,"Shall Fire Protection District No. 5 of the Parish of Livingston, State of Louisiana (the ""District""), be authorized to renew the levy and collection of a tax of ten and fourteen hundredths (10.14) mills on all the property subject to taxation in the District (an estimated $1,340,466.00 reasonably expected at this time to be collected from the levy of the tax for an entire year) for a period of twenty (20) years, beginning with the year 2025 and ending with the year 2044, for the purpose of maintaining, operating and developing the District's fire protection facilities, for purchasing fire trucks and other firefighting equipment, paying the cost of obtaining water for fire protection purposes, including charges for fire hydrant rental and service and for the purpose of paying the cost of acquiring, improving, or constructing fire protection facilities of the District, constituting works of public improvements?",Livingston Parish,520,206,72,28,pass
2024,Fire Protection District No. 10 -- 11.1 Mills Renewal - BOC - 10 Yrs.,"Shall Fire Protection District No. 10 of the Parish of Livingston, State of Louisiana (the ""District""), renew the levy and collection of a special tax of eleven and one tenth mills (11.1) on all the property subject to taxation in the District (an estimated $167,000 reasonably expected at this time to be collected from the levy of the tax for an entire year), for a period of ten (10) years, beginning with the year 2025 and ending with the year 2034, for the purpose of purchasing fire trucks and other fire fighting equipment, and for acquiring and constructing buildings to be used to house fire fighting equipment, and for acquiring, maintaining, operating and developing the District's fire protection facilities and equipment (including first response emergency vehicle services)?",Livingston Parish,216,24,90,10,pass
2024,Recreation District No. 2 -- 15 Mills Renewal - BOC - 10 Yrs.,"Shall Recreation District No. 2 of Livingston Parish, Louisiana (the ""District""), be authorized to renew the levy and collection of a tax of fifteen (15) mills on all property subject to taxation within the District (an estimated $1,100,000.00 reasonably expected at this time to be collected from the levy of the tax for an entire year) (the ""Tax""), for a period of ten (10) years, beginning with the year 2025 and ending with the year 2034, for the purpose of constructing, improving, maintaining and operating the recreational facilities governed by the District?",Livingston Parish,1037,382,73,27,pass
2024,Parishwide Proposition -- 4 Mills - PJ - 10 Yrs.,"Shall the Parish of Madison, State of Louisiana (the ""Parish""), levy a special tax of 4 mills on all property subject to taxation within the Parish (an estimated $440,000 reasonably expected at this time to be collected from the levy of the tax for an entire year), for a period of 10 years, beginning with the year 2025 and ending with the year 2034, for the purpose of acquiring, constructing, maintaining, improving, operating and supporting fire protection facilities, equipment and services, including purchasing fire trucks and other fire fighting equipment, to provide fire protection within the Parish?",Madison Parish,361,270,57,43,pass
2024,Consolidated School District No. 7 -- 10 Mills - SB - 5 Yrs.,"Shall Consolidated School District No. 7 of the Parish of Natchitoches, State of Louisiana (the ""District""), levy a special tax of 10 mills on all property subject to taxation within the District for a period of 5 years, beginning with the year 2024 and ending with the year 2028 (an estimated $1,014,000 reasonably expected at this time to be collected from the levy of the tax for an entire year), for the purpose of constructing, improving, maintaining and operating Goldonna Elementary/Jr. High School, including payment of salaries and benefits of teachers and other employees and the purchase of equipment and supplies?",Natchitoches Parish,320,292,52,48,pass
2024,Fire Protection District No. 2 -- 10 Mills - BOC - 10 Yrs.,"Shall Fire Protection District No. 2 of the Parish of Natchitoches, State of Louisiana (the ""District""), levy a 10 mills tax on all property subject to taxation with the District (an estimated $103,300 reasonably expected at this time to be collected from the levy of the tax for an entire year), for a period of 10 years, beginning with the year 2025 and ending with the year 2034, for the purpose of acquiring, constructing, improving, maintaining and/or operating fire protection facilities and equipment in and for said District, including paying the cost of obtaining water for fire protection purposes?",Natchitoches Parish,214,46,82,18,pass
2024,Fire Protection District No. 9 -- 9.67 Mills - BOC - 10 Yrs.,"Shall Fire Protection District No. 9 of the Parish of Natchitoches, State of Louisiana (the ""District""), levy a 9.67 mills tax on all property subject to taxation within the District (an estimated $650,000 reasonably expected at this time to be collected from the levy of the tax for an entire year), for a period of 10 years, beginning with the year 2026 and ending with the year 2035, for the purpose of constructing, improving, maintaining and/or operating fire protection facilities in and for the District, including purchasing fire trucks and other related equipment, building fire stations and obtaining water for fire protection purpose?",Natchitoches Parish,254,69,79,21,pass
2024,Fire Protection District No. 3 -- 15 Mills - BOC - 10 Yrs.,"Shall Fire Protection District No. 3 of the Parish of Pointe Coupee, State of Louisiana (the ""District"") be authorized to levy and collect a special tax of 15 mills (an estimated $1,189,700 reasonably expected at this time to be collected from the levy of the tax for an entire year) on all the property subject to taxation in the District for a period of 10 years, beginning with the year 2024 and ending with the year 2033, for the purpose of maintaining and operating the District's fire protection facilities, for purchasing fire trucks and other fire fighting equipment and emergency rescue equipment; paying the cost of obtaining water for fire protection purposes, including charges for fire hydrant rentals and service; and paying the cost of acquiring fire protection facilities of the District, including specialized rescue tools and life saving equipment, all constituting works of public improvement, and funding salaries and benefits of full time firefighters?",Pointe Coupee Parish,422,376,53,47,pass
2024,Fire Protection District No. 5 -- 3 Mills - BOC - 10 Yrs.,"Shall Fire Protection District No. 5 of the Parish of Pointe Coupee, State of Louisiana (the ""District"") be authorized to levy and collect a special tax of 3 mills (an estimated $499,000 reasonably expected at this time to be collected from the levy of the tax for an entire year) on all the property subject to taxation in the District for a period of 10 years, beginning with the year 2024 and ending with the year 2033, for the purpose of maintaining and operating the District's fire protection facilities, for purchasing fire trucks and other fire fighting equipment and emergency rescue equipment; paying the cost of obtaining water for fire protection purposes, including charges for fire hydrant rentals and service; and paying the cost of acquiring fire protection facilities of the District, including specialized rescue tools and life saving equipment, all constituting works of public improvement, and funding salaries and benefits of full time firefighters?",Pointe Coupee Parish,618,362,63,37,pass
2024,Road District No. 1A -- 25.03 Mills Renewal - PJ - 10 Yrs.,"Shall Road District No. 1A of the Parish of Rapides, State of Louisiana (the ""District""), continue to levy and collect a special ad valorem tax of 25.03 mills on all the property subject to taxation in the District (an estimated $544,600 reasonably expected at this time to be collected from the levy of the tax for an entire year), for a period of 10 years, beginning with the year 2025 and ending with the year 2034, for the purpose of constructing, maintaining, and keeping in repair the public roads, highways, and bridges within the District?",Rapides Parish,243,97,71,29,pass
2024,Big Island School District No. 50 -- 6.36 Mills Renewal - SB - 10 Yrs.,"Shall Big Island School District Number 50 of Rapides Parish, Louisiana (the ""District""), continue to levy a special tax of 6.36 mills on all property subject to taxation in the District (an estimated $277,160 reasonably expected at this time to be collected from the levy of the tax for an entire year), for a period of 10 years, beginning with the year 2025 and ending with the year 2034, for the purpose of acquiring, constructing, repairing, improving, maintaining and/or operating schools and school related facilities and equipment for the District?",Rapides Parish,384,210,65,35,pass
2024,Pineville School District No. 52 -- 7.41 Mills Renewal - SB - 10 Yrs.,"Shall Pineville School District No. 52 of Rapides Parish, Louisiana (the ""District""), continue to levy a special tax of 7.41 mills on all property subject to taxation in the District (an estimated $685,900 reasonably expected at this time to be collected from the levy of the tax for an entire year), for a period of 10 years, beginning with the year 2025 and ending with the year 2034, with the proceeds of said tax to be dedicated and allocated as follows: (i) one-half for the purpose of acquiring, constructing, repairing, improving, maintaining and/or operating schools and school related facilities, equipment and programs for the District; and (ii) one-half for the purpose of technology equipment, programs and enhancements, including, but not limited to, computer hardware and software and audio and video equipment and programs?",Rapides Parish,289,129,69,31,pass
2024,Town of Ball -- 5 Mills - M&BOA - 20 Yrs.,"Shall the Town of Ball, State of Louisiana (the ""Town""), levy a special tax of 5 mills (the ""Tax"") on all property subject to taxation in the Town for a period of 20 years, beginning with the year 2024 and ending with the year 2043 (an estimated $104,565 reasonably expected at this time to be collected from the levy of the tax for an entire year), for the purpose of supporting the Fire Department of the Town?",Rapides Parish,115,106,52,48,pass
2024,Town of Cheneyville -- 1.25% S&U Tax - M&BOA - 10 Yrs.,"Shall the Town of Cheneyville, State of Louisiana (the ""Town""), be authorized to levy a sales and use tax of 1.25% (the ""Tax"") in accordance with Louisiana law (an estimated $312,500 reasonably expected at this time to be collected from the levy of the Tax for an entire year), for a period of 10 years from and after July 1, 2024, with the net proceeds of the Tax to be dedicated and used for the following Town purposes: recreational park improvements and additions, capital improvement projects, water and sewage system improvements, and police and fire protection services?",Rapides Parish,46,12,79,21,pass
2024,Fire Protection District No. 12 -- 14.96 Mills In-Lieu - BOC - 10 Yrs.,"Shall Fire Protection District No. 12 of the Parish of Rapides, State of Louisiana (the ""District""), levy a 14.96 mills tax on all property subject to taxation in the District, for a period of 10 years, beginning with the year 2024 and ending with the year 2033 (an estimated $348,722 reasonably expected at this time to be collected from the levy of the tax for an entire year), for the purpose of acquiring, constructing, improving, operating and maintaining fire protection facilities and equipment in and for the District, including paying the cost of obtaining water for fire protection purposes, said tax to be in lieu of and replace an ad valorem tax of 11.96 mills authorized to be levied in the District through the year 2027 pursuant to an election held in the District on April 9, 2016?",Rapides Parish,79,10,89,11,pass
2024,Parishwide School Board Proposition -- 1/4% S&U Tax - SB - 10 Yrs.,"Shall the Richland Parish School Board, State of Louisiana (the ""School Board"") be authorized, to levy and collect a sales and use tax of one quarter of one percent (1/4%) on sales at retail, the use, the lease or rental, the consumption, and the storage for use or consumption, of tangible personal property and on sales and services, all as presently defined in R.S. 47:301 et seq, within the Parish of Richland, (the ""Sales Tax"") (an estimated $1,032,000 reasonably expected at this time to be collected from the levy of the Sales Tax for an entire year), for a period of ten (10) years, commencing effective July 1, 2024, and shall the proceeds of said Sales Tax (after paying the reasonable and necessary expenses of collection and administration) be dedicated and used to provide additional funds for school safety operations including, but not limited to, funding school resource officer positions at all elementary and secondary schools within the Parish in existence on April 27, 2024, to the extent legally capable?",Richland Parish,720,477,60,40,pass
2024,Converse School District No. 8A -- 13.21 Mills Continuation - SB - 10 Yrs.,"Shall Converse School District No. 8A of Sabine Parish, Louisiana (the ""District""), continue to levy a special tax of 13.21 mills on all property subject to taxation in the District (an estimated $594,000 reasonably expected at this time to be collected from the levy of the tax for an entire year), for a period of 10 years, beginning with the year 2026 and ending with the year 2035, for the purpose of acquiring, constructing, improving, operating, maintaining and supporting public schools in the District, said millage to represent a .31 mills increase (due to reappraisal) over the 12.90 mills tax authorized to be levied through the year 2025 pursuant to an election held on November 4, 2014?",Sabine Parish,105,30,78,22,pass
2024,Ebarb School District No. 17 -- 16.49 Mills Continuation - SB - 10 Yrs.,"Shall Ebarb School District No. 17 of Sabine Parish, Louisiana (the ""District""), continue to levy a special tax of 16.49 mills on all property subject to taxation in the District (an estimated $109,500 reasonably expected at this time to be collected from the levy of the tax for an entire year), for a period of 10 years, beginning with the year 2026 and ending with the year 2035, for the purpose of acquiring, constructing, improving, operating, maintaining and supporting public schools in the District, said millage to represent a .40 mills increase (due to reappraisal) over the 16.09 mills tax authorized to be levied through the year 2025 pursuant to an election held on November 4, 2014?",Sabine Parish,72,66,52,48,pass
2024,South Sabine Cons. School Dist. No. 20 -- 7.82 Mills Renewal - SB - 10 Yrs.,"Shall South Sabine Consolidated School District No. 20 of Sabine Parish, Louisiana (the ""District""), continue to levy a special tax of 7.82 mills on all property subject to taxation in the District (an estimated $313,400 reasonably expected at this time to be collected from the levy of the tax for an entire year), for a period of 10 years, beginning with the year 2026 and ending with the year 2035, for the purpose of acquiring, constructing, improving, operating, maintaining and supporting public schools in the District?",Sabine Parish,137,62,69,31,pass
2024,Many School District No. 34 -- 7.50 Mills Continuation - SB - 10 Yrs.,"Shall Many School District No. 34 of Sabine Parish, Louisiana (the ""District""), continue to levy a special tax of 7.50 mills on all property subject to taxation in the District (an estimated $455,000 reasonably expected at this time to be collected from the levy of the tax for an entire year), for a period of 10 years, beginning with the year 2026 and ending with the year 2035, for the purpose of acquiring, constructing, improving, operating, maintaining and supporting public schools in the District, said millage to represent a .27 mills increase (due to reappraisal) over the 7.23 mills tax authorized to be levied through the year 2025 pursuant to an election held on October 24, 2015?",Sabine Parish,188,103,65,35,pass
2024,Negreet School District No. 62A -- 6.63 Mills Renewal - SB - 10 Yrs.,"Shall Negreet School District No. 62A of Sabine Parish, Louisiana (the ""District""), continue to levy a special tax of 6.63 mills on all property subject to taxation in the District (an estimated $319,600 reasonably expected at this time to be collected from the levy of the tax for an entire year), for a period of 10 years, beginning with the year 2026 and ending with the year 2035, for the purpose of acquiring, constructing, improving, operating, maintaining and supporting public schools in the District?",Sabine Parish,133,57,70,30,pass
2024,Parishwide School District -- 1.58 Mills Renewal- SB - 10 Yrs.,"Shall St. Martin Parish School District, Louisiana (the ""District""), continue to levy a 1.58 mills tax on all property subject to taxation in the District (an estimated $725,700 reasonably expected at this time to be collected from the levy of the tax for an entire year), for a period of 10 years, beginning with the year 2026 and ending with the year 2035, for the purpose of giving additional support to public primary, elementary and secondary schools by financing instructional materials, equipment and supplies, as well as school related purposes and school improvements, for all the public schools in the District?",St. Martin Parish,1203,587,67,33,pass
2024,Wax Lake East Drainage District Prop. No. 1 of 2 -- 3.26 Mills Continuation - BOC - 10 Yrs.,"Shall Wax Lake East Drainage District of the Parish of St. Mary, Louisiana (the ""District""), continue to levy a 3.26 mills tax on all the property subject to taxation in the District (an estimated $521,658 reasonably expected at this time to be collected from the levy of the tax for an entire year), for a period of 10 years, beginning with the year 2025 and ending with the year 2034, for the purpose of maintaining, operating and improving the drainage facilities in the District, said millage to represent a .06 mills increase (due to reappraisal) over the 3.2 mills tax authorized to be levied through the year 2024 pursuant to an election held on October 19, 2013?",St. Mary Parish,225,85,73,27,pass
2024,Wax Lake East Drainage District Prop. No. 2 of 2 -- $2.5M Bond - BOC - 20 Yrs.,"Shall Wax Lake East Drainage District of the Parish of St. Mary, Louisiana (the ""District""), incur debt and issue bonds in an amount not to exceed $2,500,000, in one or more series, to run not exceeding 20 years from the date thereof, with interest at a rate of not exceeding 7% per annum, for the purpose of paying the cost of constructing, equipping and improving levees and drainage works within and for the District, and acquiring the necessary equipment and furnishings therefor, title to which shall be in the public, which bonds will be general obligations of the District and will be payable from ad valorem taxes to be levied and collected in the manner provided by Article VI, Section 33 of the Constitution of the State of Louisiana of 1974 and statutory authority supplemental thereto, an estimated 1.45 mills to be levied in the first year of issue to pay said Bonds?",St. Mary Parish,187,118,61,39,pass
2024,Gravity Sub-Drainage Dist. No. 1 of GDD No. 2 -- 12.63 Mills Continuation - BOC - 10 Yrs.,"Shall Gravity Sub-Drainage District No. 1 of the Gravity Drainage District No. 2 of the Parish of St. Mary, Louisiana (the ""District""), continue to levy a 12.63 mills tax on all the property subject to taxation in the District (an estimated $298,000 reasonably expected at this time to be collected from the levy of the tax for an entire year), for a period of 10 years, beginning with the year 2025 and ending with the year 2034, for the purpose of maintaining, operating and improving the drainage facilities in the District, said millage to represent a 2.68 mills increase (due to reappraisal) over the 9.95 mills tax authorized to be levied through the year 2024 pursuant to an election held October 19, 2013?",St. Mary Parish,40,11,78,22,pass
2024,Ward 4 Fire Protection District No. 2 -- 4 Mills Renewal - BOC - 10 Yrs.,"Shall St. Mary Parish Ward 4 Fire Protection District No. 2, Louisiana (the ""District""), continue to levy a special tax of 4 mills on all the property subject to taxation in the District (an estimated $363,400 reasonably expected at this time to be collected from the levy of the Tax for an entire year), for a period of 10 years, beginning with the year 2026 and ending with the year 2035, for the purpose of constructing, acquiring, improving, maintaining and operating the District's fire protection facilities, including the purchase of fire trucks, and paying the cost of obtaining water for fire protection purposes, including charges for fire hydrant rentals and service?",St. Mary Parish,108,26,81,19,pass
2024,Water and Sewer Commission No. 4 -- $1.7M Bond - BOC - 15 Yrs.,"Shall the St. Mary Parish Water and Sewer Commission No. 4, State of Louisiana (the ""Commission""), be authorized to issue general obligation bonds in the maximum amount of $1,700,000, in one or more series, to mature not later than 15 years from the date thereof, with interest at a rate not exceeding 7% per annum, to be payable from ad valorem taxes as provided by Article VI, Section 33 of the Constitution of the State of Louisiana of 1974 and statutory authority supplemental thereto, with no estimated increase in the millage rate to be levied in the first year of issue above the 13.54 mills currently being levied by the Commission to pay its existing general obligation bonds, for the purpose of paying the cost of constructing, equipping and acquiring extensions and improvements to the waterworks plant and system and sewer and sewerage treatment and disposal facilities of the Commission, and acquiring the necessary equipment and furnishings therefor, and refunding the Commission's outstanding Sewer Revenue Bonds and Water Revenue Bonds?",St. Mary Parish,174,40,81,19,pass
2024,City of Slidell -- .38% S&U Tax In-Lieu - M&CC - In Perp.,"Shall the City of Slidell, State of Louisiana (the ""City""), in lieu of the existing ad valorem taxes approved by the voters on April 4, 1981 and October 19, 2013 and currently being levied to support the Slidell City Police Department, be authorized to levy and collect a tax of .38% (an estimated $4,560,000 reasonably expected to be collected from the levy of the tax for an entire year) upon the sale at retail, the use, lease, rental, consumption and storage for use or consumption, of tangible personal property and on sales of services in the City, with the proceeds to be dedicated solely for the purpose of equipping, maintaining and operating the Slidell City Police Department, including but not limited to capital improvements, equipment acquisition, salaries and benefits, and any other lawful purpose of such department, commencing on January 1, 2025 and being levied in perpetuity?",St. Tammany Parish,1811,468,79,21,pass
2024,Recreation District No. 1 -- 6.05 Mills In-Lieu - BOC - 20 Yrs.,"Shall Recreation District No. 1 of the Parish of St. Tammany (Pelican Park) (the ""District""), levy a special tax of 6.05 mills (the ""Tax"") on all property subject to taxation in said District (an estimated $4,684,606 reasonably expected at this time to be collected from the levy of the Tax for an entire year), for a period of twenty (20) years, beginning with the year 2024 and ending with the year 2043, for acquiring, constructing, improving, maintaining or operating parks, playgrounds, recreation centers and other recreational facilities in the District, together with the necessary furnishings and equipment therefor, said Tax to be in lieu of and completely replace (i) a 3.00 mills tax (currently 2.78 mills) authorized to be levied pursuant to an election held on November 17, 2007 and (ii) a 3.50 mills tax (currently 3.27 mills) authorized to be levied pursuant to an election held on April 5, 2014; provided that until the District's Series 2015 and Series 2020 bonds are paid in full, the Tax will be allocated as follows: 3.27 mills to the Series 2020 bonds and 2.78 mills to the Series 2015 bonds?",St. Tammany Parish,2328,1261,65,35,pass
2024,Recreation District No. 2 -- 4 Mills - BOC - 10 Yrs.,"Shall Recreation District No. 2 of the Parish of St. Tammany, State of Louisiana (the ""District""), levy a special tax of 4 mills on all property subject to taxation in the District (an estimated $100,000 reasonably expected at this time to be collected from the levy of the tax for an entire year), for a period of 10 years, beginning with the year 2024 and ending with the year 2033, for the purpose of acquiring, constructing, improving, maintaining or operating parks, playgrounds, recreation centers and other recreational facilities in said District, together with the necessary furnishings and equipment therefor?",St. Tammany Parish,367,202,64,36,pass
2024,Recreation District No. 14 -- $7.635M Bond - BOC - 20 Yrs.,"Shall Recreation District No. 14 of the Parish of St. Tammany, State of Louisiana (the ""Coquille Parks & Recreation District""), incur debt and issue bonds to the amount of not exceeding $7,635,000, to run not exceeding 20 years from the date thereof, with interest at a rate not exceeding 7% per annum, for the purpose of purchasing, acquiring, constructing and improving parks, playgrounds, recreation centers and other recreational facilities, together with the necessary furnishings and equipment therefor, title to which shall be in the public, which bonds will be general obligations of the Coquille Parks & Recreation District and will be payable from ad valorem taxes to be levied and collected in the manner provided by Article VI, Section 33 of the Constitution of the State of Louisiana of 1974, and statutory authority supplemental thereto, with no estimated increase in the millage rate to be levied in the first year of issue above the 4.47 mills currently being levied to pay General Obligation Bonds of the Coquille Parks & Recreation District?",St. Tammany Parish,852,504,63,37,pass
2024,Fire Protection District No. 5 -- 10 Mills Renewal - BOC - 10 Yrs.,"Shall Fire Protection District No. 5, Parish of St. Tammany, Louisiana (the ""District""), continue to levy a 10 mills tax on all the property subject to taxation in the District (an estimated $394,000 reasonably expected at this time to be collected from the levy of the tax for an entire year), for a period of 10 years, beginning with the year 2026 and ending with the year 2035, for the purpose of acquiring, improving, maintaining and/or operating fire protection facilities and equipment in and for the District, including the cost of obtaining water for fire protection purposes and paying charges for fire hydrant rentals and service?",St. Tammany Parish,377,82,82,18,pass
2024,Fire Protection Dist. No. 6 Proposition No. 1 of 2 -- 10.12 Mills Renewal - BOC - 10 Yrs.,"Shall St. Tammany Fire Protection District No. 6 of the Parish of St. Tammany, State of Louisiana (the ""District""), continue to levy a special tax of 10.12 mills on all property subject to taxation within the District (an estimated $349,110 reasonably expected at this time to be collected from the levy of the tax for an entire year), for a period of 10 years, beginning with the year 2026 and ending with the year 2035, for the purpose of acquiring, constructing, improving, maintaining and/or operating fire protection facilities and equipment in and for the District, including emergency equipment and supplies, and paying the cost of obtaining water for fire protection purposes and paying charges for fire hydrant rentals and service?",St. Tammany Parish,317,101,76,24,pass
2024,Fire Protection Dist. No. 6 Proposition No. 2 of 2 -- 10 Mills Renewal - BOC - 10 Yrs.,"Shall St. Tammany Fire Protection District No. 6 of the Parish of St. Tammany, State of Louisiana (the ""District""), continue to levy a 10 mills tax on all the property subject to taxation in the District (an estimated $344,970 reasonably expected at this time to be collected from the levy of the tax for an entire year), for a period of 10 years, beginning with the year 2028 and ending with the year 2037, for the purpose of acquiring, constructing, improving, maintaining and/or operating fire protection facilities and equipment in and for the District, including emergency equipment and supplies and paying the cost of obtaining water for fire protection purposes and paying charges for fire hydrant rentals and service?",St. Tammany Parish,305,111,73,27,pass
2024,Hammond Area Recreation District No. 1 -- 10 Mills Renewal - BOC - 15 Yrs.,"Shall Hammond Area Recreation District No. 1 of Tangipahoa Parish, State of Louisiana (the ""District""), be authorized to renew the levy and collection of a ten (10) mill tax on all the property subject to taxation in the District (an estimated $3,200,000.00 reasonably expected at this time to be collected from the levy of the tax for an entire year), for a period of fifteen (15) years, beginning with the year 2026 and ending with the year 2040, for the purpose of construction, acquisition, operation and maintenance of parks, playgrounds, recreation centers and other recreational facilities within the District, including, but not limited to, new soccer, football, baseball and softball playing fields, a gymnasium and property, furnishings and equipment therefor, with the proceeds of said tax subject to be funded into bonds for such purposes?",Tangipahoa Parish,1319,344,79,21,pass
2024,Fire Protection District No. 1 -- 10 Mills In-Lieu - BOC - 10 Yrs.,"Shall Tangipahoa Parish Fire Protection District No. 1 (the ""District"") be authorized to levy and collect a ten (10) mill tax on all property subject to taxation in the District (an estimated $400,000 reasonably expected at this time to be collected from the levy of the tax for an entire year) (the ""Tax"") in lieu of the five (5) mill ad valorem tax authorized by voters on April 9, 2016 and currently being levied and collected in the District, for a period of ten (10) years, beginning with the year 2024 and ending with the year 2033, for the purposes of purchasing fire protection equipment, maintaining and operating the District's fire protection facilities and equipment, obtaining water, paying the salaries of District employees, providing state retirement to the employees of the District and enhancing the District's Emergency Medical Services program by improving manpower?",Tangipahoa Parish,429,212,67,33,pass
2024,Northeast Union Fire District -- 10 Mills - BOC - 10 Yrs.,"Shall Northeast Union Fire District, Union Parish, Louisiana (the ""District""), levy a special tax of 10 mills on all the property subject to taxation in the District (an estimated $97,000 reasonably expected at this time to be collected from the levy of the tax for an entire year), for a period of 10 years, beginning with the year 2024 and ending with the year 2033, for the purpose of acquiring, constructing, improving, maintaining and/or operating fire protection facilities and equipment in and for the District and paying the cost of obtaining water for fire protection purposes?",Union Parish,131,11,92,8,pass
2024,Road District No. 1 -- 5.72 Mills Renewal - PJ - 10 Yrs.,"Shall Road District No. 1 of the Parish of Vermilion, State of Louisiana (the ""District""), continue to levy a special tax of 5.72 mills on all property subject to taxation in the District (an estimated $150,400 expected at this time to be collected from the levy of the tax for an entire year), for a period of 10 years, beginning with the year 2025 and ending with the year 2034, for the purpose of maintaining the roads in the District?",Vermilion Parish,60,54,53,47,pass
2024,Road District No. 4-A -- 6.93 Mills Renewal - PJ - 10 Yrs.,"Shall Road District No. 4-A of the Parish of Vermilion, State of Louisiana (the ""District""), continue to levy a special tax of 6.93 mills on all property subject to taxation in the District (an estimated $157,200 expected at this time to be collected from the levy of the tax for an entire year), for a period of 10 years, beginning with the year 2025 and ending with the year 2034, for the purpose of maintaining the roads in the District?",Vermilion Parish,39,31,56,44,pass
2024,Road District No. 6 -- 6.27 Mills Renewal - PJ - 10 Yrs.,"Shall Road District No. 6 of the Parish of Vermilion, State of Louisiana (the ""District""), continue to levy a special tax of 6.27 mills on all property subject to taxation in the District (an estimated $108,000 expected at this time to be collected from the levy of the tax for an entire year), for a period of 10 years, beginning with the year 2025 and ending with the year 2034, for the purpose of maintaining the roads in the District?",Vermilion Parish,69,43,62,38,pass
2024,School District No. 2 -- 4.83 Mills Continuation - SB - 10 Yrs.,"Shall School District No. 2 of the Parish of Washington, State of Louisiana (the ""District""), continue to levy a tax of four and eighty-three hundredths (4.83) mills on all the property subject to taxation in the District (an estimated $560,000 reasonably expected at this time to be collected from the levy of the tax for an entire year), for a period of ten (10) years, commencing with the year 2024 and ending with the year 2033, for the purpose of constructing, acquiring, improving, maintaining and operating schools and school related facilities for the public schools of the District, and providing equipment and furnishings therefor?",Washington Parish,1145,371,76,24,pass
2024,Fire Protection District No. 4 -- 15 Mills Renewal - BOC - 10 Yrs.,"Shall Washington Parish Fire Protection District No. 4, State of Louisiana (the ""District""), continue to levy a special tax of 15 mills on all the property subject to taxation in the District (an estimated $137,100 reasonably expected at this time to be collected from the levy of the tax for an entire year), for a period of 10 years, beginning with the year 2025 and ending with the year 2034, for the purpose of acquiring, constructing, improving, maintaining and/or operating fire protection facilities, vehicles and equipment, including both moveable and immovable property, to provide fire protection services for the District?",Washington Parish,229,40,85,15,pass
2024,Fire Protection District No. 8 -- 6 Mills Renewal - BOC - 10 Yrs.,"Shall Washington Parish Fire Protection District No. 8, State of Louisiana (the ""District""), continue to levy a tax of 6 mills on all the property subject to taxation in the District (an estimated $79,180 reasonably expected at this time to be collected from the levy of the tax for an entire year), for a period of 10 years, beginning with the year 2025 and ending with the year 2034, for the purpose of acquiring, constructing, improving, maintaining and/or operating facilities and equipment for fire protection and emergency medical service in and for the District, including paying the cost of obtaining water for fire protection purposes?",Washington Parish,99,26,79,21,pass
2024,Parishwide School District Proposition -- 2.81 Mills Renewal - SB - 10 Yrs.,"Shall the Webster Parish School District, Parish of Webster, Louisiana (the ""District""), continue to levy and collect a special tax of 2.81 mills on all property subject to taxation in the District (an estimated $743,102 reasonably expected at this time to be collected from the levy of the tax for an entire year), for a period of 10 years, beginning with the year 2026 and ending with the year 2035, for the purpose of giving additional support to public schools in the Parish of Webster, including acquiring, constructing, improving, maintaining or operating the public school system of the District?",Webster Parish,1012,534,65,35,pass
2024,Springhill School District No. 8 Prop. No. 1 of 2 -- 7.69 Mills Continuation - SB - 10 Yrs.,"Shall Springhill School District No. 8 of the Parish of Webster, State of Louisiana (the ""District""), continue to levy a special tax of 7.69 mills on all property subject to taxation in the District (an estimated $328,450 reasonably expected at this time to be collected from the levy of the tax for an entire year), for a period of 10 years, beginning with the year 2025 and ending with the year 2034, for the purpose of acquiring, constructing, repairing, improving, maintaining and/or operating schools and school related facilities, equipment and programs for the District, said millage to represent a .60 mills increase (due to reappraisal) over the 7.09 mills tax authorized to be levied through the year 2024 pursuant to an election held on November 16, 2013?",Webster Parish,235,144,62,38,pass
2024,Springhill School District No. 8 Prop. No. 2 of 2 -- $11M Bond - SB - 20 Yrs.,"Shall Springhill School District No. 8 of the Parish of Webster, State of Louisiana (the ""District""), incur debt and issue bonds not exceeding $11,000,000, in one or more series, to run not exceeding 20 years from date thereof, with interest at a rate not exceeding 7% per annum, for the purpose of financing capital expenditures for school purposes for the District, including constructing, acquiring and/or improving schools and other school related facilities, together with equipment and furnishings therefor, title to which shall be in the public; which bonds will be general obligations of the District and will be payable from ad valorem taxes to be levied and collected in the manner provided by Article VI, Section 33 of the Constitution of the State of Louisiana of 1974 and statutory authority supplemental thereto, with an estimated increase of 12.75 mills to be levied in the first year of issue above the 28.50 mills currently being levied to pay General Obligation Bonds of the District?",Webster Parish,219,161,58,42,pass
2024,Parishwide Law Enforcement District -- 5.77 Mills Renewal - Sheriff - 5 Yrs.,"Shall the Law Enforcement District of the Parish of West Feliciana, State of Louisiana (the ""District""), continue to levy and collect a 5.77 mills tax on all the property subject to taxation in the District (an estimated $2,500,000 reasonably expected at this time to be collected from the levy of the tax for an entire year), for a period of 5 years, beginning with the year 2026 and ending with the year 2030, for the purpose of providing continued funding for the District?",West Feliciana Parish,588,199,75,25,pass
2024,Parishwide Proposition -- 1/2% Sales Tax Renewal - PJ - 10 Yrs.,"Shall the Parish of Winn, State of Louisiana (the ""Parish""), be authorized to levy and collect a tax of 1/2% (the ""Tax""), for a period of 10 years, commencing July 1, 2025, in accordance with Louisiana law (an estimated $1,200,000 reasonably expected at this time to be collected from the levy of the Tax for an entire year), with the proceeds of the Tax (after paying the costs of collecting the Tax), to be used for the purpose of improving, maintaining and repairing public roads and bridges in the Parish?",Winn Parish,1013,481,68,32,pass
2024,Parishwide School Board -- 9.25 Mills In-Lieu - SB - 10 Yrs.,"Shall the Parish School Board of the Parish of Winn, State of Louisiana, levy a special tax of 9.25 mills on all property subject to taxation in said Parish (an estimated $810,618 reasonably expected at this time to be collected from the levy of the tax for an entire year), for a period of 10 years, beginning with the year 2024 and ending with the year 2033, for the purpose of providing funds for maintenance and operation of the public schools of the Parish, said tax to be in lieu of and replace an ad valorem tax of 8.07 mills authorized to be levied through the year 2024 at an election held on November 16, 2013?",Winn Parish,996,494,67,33,pass
2024,Consolidated School District No. 11 -- $6M Bond - SB - 20 Yrs.,"Shall Consolidated School District No. 11 of the Parish of Winn, State of Louisiana (the ""District""), incur debt and issue bonds not exceeding $6,000,000, in one or more series, to run not exceeding 20 years from date thereof, with interest at a rate not exceeding 7% per annum, for the purpose of financing capital expenditures for school purposes for the District, including constructing, acquiring and/or improving schools and other school related facilities, together with equipment and furnishings therefor, title to which shall be in the public; which bonds will be general obligations of the District and will be payable from ad valorem taxes to be levied and collected in the manner provided by Article VI, Section 33 of the Constitution of the State of Louisiana of 1974 and statutory authority supplemental thereto, with no estimated increase in the millage rate to be levied in the first year of issue above the 15 mills currently being levied to pay General Obligation
Bonds of the District?",Winn Parish,155,91,63,37,pass
2024,Parishwide School District -- 5.15 Mills Continuation - SB - 10 Yrs.,"Shall Allen Parish School District of the Parish of Allen, State of Louisiana (the ""District""), be authorized to continue to levy a special tax of five and fifteen hundredths (5.15) mills on all property subject to taxation within the District (an estimated $672,879.00 expected at this time to be collected from the levy of the tax for an entire year), for a period of ten (10) years, beginning with the year 2025 and ending with the year 2034, for the purpose of giving additional support to the public elementary and secondary schools in the District, said millage to represent no increase over the 5.15 mills tax authorized to be levied through the year 2024 pursuant to an election held on May 3, 2014?",Allen Parish,1293,439,75,25,pass
2024,School District Ward One -- 5.73 Mills Continuation - SB - 10 Yrs.,"Shall School District Ward One of the Parish of Allen, State of Louisiana (the ""District""), be authorized to continue to levy a special tax of five and seventy-three hundredths (5.73) mills on all the property subject to taxation within the District (an estimated $63,515.00 reasonably expected at this time to be collected from the levy of the tax for an entire year), for a period of ten (10) years, beginning with the year 2026 and ending with the year 2035, for the purpose of constructing, improving, operating and maintaining school facilities in and for the District, said millage to represent a three hundredths of a mill (.03) decrease over the 5.76 mills tax authorized to be levied through the year 2025 pursuant to an election held on April 9, 2016?",Allen Parish,197,97,67,33,pass
2024,School District No. 3 -- 8.74 Mills Continuation - SB - 10 Yrs.,"Shall School District No. 3 of the Parish of Allen, State of Louisiana (the ""District""), be authorized to continue to levy a special tax of eight and seventy-four hundredths (8.74) mills on all the property subject to taxation within the District (an estimated $131,267.00 expected at this time to be collected from the levy of the tax for an entire year), for a period of ten (10) years, beginning with the year 2025 and ending with the year 2034, for the purpose of constructing, improving, operating and maintaining school facilities in and for the District, said millage to represent a one mill (1.0) increase over the 7.74 mills tax authorized to be levied through the year 2025 pursuant to an election held on May 3, 2014?",Allen Parish,130,92,59,41,pass
2024,School District No. 4-A -- 23.08 Mills Continuation - SB - 10 Yrs.,"Shall School District No. 4-A of the Parish of Allen, State of Louisiana (the ""District""), be authorized to continue to levy a special tax of twenty-three and eight hundredths (23.08) mills on all the property subject to taxation within the District (an estimated $136,551.00 expected at this time to be collected from the levy of the tax for an entire year), for a period of ten (10) years, beginning with the year 2025 and ending with the year 2034, for the purpose of constructing, improving, operating and maintaining school facilities in and for the District, said millage to represent a fifty-four hundredths of a mill (.54) decrease over the 23.62 mills tax authorized to be levied through the year 2025 pursuant to an election held on May 3, 2014?",Allen Parish,194,59,77,23,pass
2024,School District No. 5 -- 7.6 Mills Continuation - SB - 10 Yrs.,"Shall School District No. 5 of the Parish of Allen, State of Louisiana (the ""District""), be authorized to continue to levy a special tax of seven and six tenths (7.6) mills on all the property subject to taxation within the District (an estimated $443,912.00 expected at this time to be collected from the levy of the tax for an entire year), for a period of ten (10) years, beginning with the year 2026 and ending with the year 2035, for the purpose of constructing, improving, operating and maintaining school facilities in and for the District, said millage to represent a two-hundredths of a mill (.02) decrease over the 7.62 mills tax authorized to be levied through the year 2025 pursuant to an election held on April 9, 2016?",Allen Parish,341,97,78,22,pass
2024,School District No. 25 -- 5.65 Mills Continuation - SB - 10 Yrs.,"Shall School District No. 25 of the Parish of Allen, State of Louisiana (the ""District""), be authorized to continue to levy a special tax of five and sixty-five hundredths (5.65) mills on all the property subject to taxation within said District (an estimated $169,067.00 reasonably expected at this time to be collected from the levy of the tax for an entire year), for a period of ten (10) years, beginning with the year 2026 and ending with the year 2035, for the purpose of constructing, improving, operating and maintaining school facilities in and for said District, said millage to represent a fourteen hundredths of a mill (.14) increase over the 5.51 mills tax authorized to be levied through the year 2025 pursuant to an election held on April 9, 2016?",Allen Parish,328,100,77,23,pass
2024,Village of Chatham -- COP Elected to Appointed - M&VC,"Shall the Mayor of the Village of Chatham, with the approval of the Chatham Village Council, be authorized to appoint a marshal who is the Chief of Police for the Village of Chatham?",Jackson Parish,25,16,61,39,pass
2024,City of Gretna Prop. -- 2 Mills Cont. - M&CC - 10 Yrs.,"Shall the City of Gretna, State of Louisiana (the ""City"") renew the levy of a special tax of two (2.00) mills on all property subject to taxation within the City of Gretna; that being the same area contained wholly within voting precincts G-001 through G-011; but excluding voting precincts G-012 and G-013 Parts, (Annexed Timberlane Subdivision); (an estimated $317,097.05 reasonably expected at this time to be collected from the levy of the special tax for an entire year), for a period of ten (10) years, beginning with the year 2026, and ending with the year 2035, for the object and purpose of sewer system maintenance within said City, a work of permanent public improvement, title to which shall be in the public?",Jefferson Parish,630,327,66,34,pass
2024,City of Gretna Prop. -- 4 Mills Cont. - M&CC - 10 Yrs.,"Shall the City of Gretna, State of Louisiana (the ""City""), renew the levy of a special tax of four (4.00) mills on all property subject to taxation in voting precincts G-001 through G-011, including the (Annexed Timberlane Subdivision) of the City of Gretna, State of Louisiana; that being the same area consisting of voting precincts G-012 and G-013 Parts; (an estimated $706,891.44 reasonably expected at this time to be collected from the levy of the tax for an entire year), all for a period of ten (10) years, beginning with the year 2026, and ending with the year 2035; both inclusive for the object and purpose of streetlights maintenance and replacement, including lighting and utilities in recreational facilities within said City, a work of permanent public improvement, title to which shall be in the public?",Jefferson Parish,716,390,65,35,pass
2024,Consolidated School District No. 11 -- 8 Mills In-Lieu - SB - 10 Yrs.,"Shall Consolidated School District No. 11 of the Parish of Natchitoches, State of Louisiana (the ""District""), levy a special tax of 8 mills on all property subject to taxation within the District for a period of 10 years, beginning with the year 2024 and ending with the year 2033 (an estimated $400,000 reasonably expected at this time to be collected from the levy of the tax for an entire year), for the purpose of constructing, improving, maintaining and operating public elementary and secondary schools in the District, including the purchase of equipment and supplies, said tax to be in lieu of and completely replace the following ad valorem taxes within Consolidated School District No. 8: (i) 7 mills authorized to be levied through the year 2031 pursuant to an election held on December 11, 2021, and (ii) 7 mills authorized to be levied through the year 2034 pursuant to an election held on April 29, 2023?",Natchitoches Parish,321,162,66,34,pass
2024,Parishwide Prop. No. 1 of 7 (Health Unit) -- 1.17 Mills Continuation - PC - 15 Yrs.,"Shall the Parish of Plaquemines, State of Louisiana (the ""Parish""), continue to levy a special tax of one and seventeen hundredths (1.17) mills on all the property subject to taxation in the Parish (an estimated $1,037,532.50 reasonably expected at this time to be collected from the levy of the tax for an entire year), for a period of fifteen (15) years, beginning with the year 2025 and ending with the year 2039, for the purposes of acquiring, constructing, operating and maintaining public health units in said Parish, said mills to represent a .17 mills increase (due to reassessment) over the 1.00 mills authorized to be levied through 2024 pursuant to an election held on May 2, 2009?",Plaquemines Parish,840,744,53,47,pass
2024,Parishwide Prop. No. 3 of 7 (Roads) -- 1.76 Mills Continuation - PC - 15 Yrs.,"Shall the Parish of Plaquemines, State of Louisiana (the ""Parish""), continue to levy a special tax of one and seventy-six hundredths (1.76) mills on all the property subject to taxation in the Parish (an estimated $1,560,732.65 reasonably expected at this time to be collected from the levy of the tax for an entire year), for a period of fifteen (15) years, beginning with the year 2025 and ending with the year 2039, for the purpose of maintaining the roads in said Parish, said mills to represent a .25 mills increase (due to reassessment) over the 1.51 mills authorized to be levied through 2024 pursuant to an election held on May 2, 2009?",Plaquemines Parish,877,705,55,45,pass
2024,Parishwide Prop. No. 4 of 7 (Incin. Waste Fac.) -- 1.17 Mills Continuation - PC - 15 Yrs.,"Shall the Parish of Plaquemines, State of Louisiana (the ""Parish""), continue to levy a special tax of one and seventeen hundredths (1.17) mills on all the property subject to taxation in the Parish (an estimated $1,037,352.50 reasonably expected at this time to be collected from the levy of the tax for an entire year), for a period of fifteen (15) years, beginning with the year 2025 and ending with the year 2039, for the purposes of constructing, operating and maintaining solid waste (including landfill), and waste water disposal facilities in said Parish, said mills to represent a .17 mills increase (due to reassessment) over the 1.00 mills authorized to be levied through 2024 pursuant to an election held on May 2, 2009?",Plaquemines Parish,865,717,55,45,pass
2024,Parishwide Prop. No. 5 of 7 (Garbage & Waste Disp) -- 3.47 Mills Continuation - PC - 15 Yrs.,"Shall the Parish of Plaquemines, State of Louisiana (the ""Parish""), continue to levy a special tax of three and forty-seven hundredths (3.47) mills on all the property subject to taxation in the Parish (an estimated $3,077,126.30 reasonably expected at this time to be collected from the levy of the tax for an entire year), for a period of fifteen (15) years, beginning with the year 2025 and ending with the year 2039, for the purposes of acquiring, constructing, operating and maintaining waste disposal facilities, including garbage disposal in said Parish, said mills to represent a .49 mills increase (due to reassessment) over the 2.98 mills authorized to be levied through 2024 pursuant to an election held on May 2, 2009?",Plaquemines Parish,886,692,56,44,pass
2024,Parishwide Prop. No. 6 of 7 (Libraries) -- 1.17 Mills Continuation - PC - 15 Yrs.,"Shall the Parish of Plaquemines, State of Louisiana (the ""Parish""), continue to levy a special tax of one and seventeen hundredths (1.17) mills on all the property subject to taxation in the Parish (an estimated $1,037,352.50 reasonably expected at this time to be collected from the levy of the tax for an entire year), for a period of fifteen (15) years, beginning with the year 2025 and ending with the year 2039, for the purpose of operating and maintaining public libraries in said Parish, said mills to represent a .17 mills increase (due to reassessment) over the 1.00 mills authorized to be levied through 2024 pursuant to an election held on May 2, 2009?",Plaquemines Parish,831,748,53,47,pass
2024,Parishwide Prop. No. 7 of 7 (Waterworks) -- 2.32 Mills Continuation - PC - 15 Yrs.,"Shall the Parish of Plaquemines, State of Louisiana (the ""Parish""), continue to levy a special tax of two and thirty-two hundredths (2.32) mills on all the property subject to taxation in the Parish (an estimated $2,057,329.40 reasonably expected at this time to be collected from the levy of the tax for an entire year), for a period of fifteen (15) years, beginning with the year 2025 and ending with the year 2039, for the purposes of acquiring, constructing, operating and maintaining waterworks in said Parish, said mills to represent a .32 mills increase (due to reassessment) over the 2.00 mills authorized to be levied through 2024 pursuant to an election held on May 2, 2009?",Plaquemines Parish,867,713,55,45,pass
2024,Ward 10 Recreation District -- 5 Mills Renewal - BOC - 10 Yrs.,"Shall Ward 10 Recreation District, Rapides Parish, Louisiana (the ""District""), continue to levy a 5 mills tax on all the property subject to taxation in the District (an estimated $745,000 reasonably expected at this time to be collected from the levy of the Tax for an entire year), for a period of 10 years, beginning with the year 2026 and ending with the year 2035, for the purpose of improving, maintaining and operating the recreational facilities of the District?",Rapides Parish,1311,832,61,39,pass
2024,Parishwide Proposition No. 1 of 2 -- 1% S&U Tax Renewal - PJ - 10 Yrs.,"Shall the Parish of Richland, State of Louisiana (the ""Parish"") be authorized to renew, levy and continue to collect a tax of one percent (1%)(the ""Tax"") upon the sale at retail, the use, the rental, the consumption and the storage for use or consumption of tangible personal property and on sales of services in the Parish (an estimated $4,064,989 reasonably expected at this time to be collected from the levy of the Tax for an entire year) for a period of ten (10) years commencing January 1, 2025 and ending December 31, 2034, with the net proceeds of the Tax (after paying the reasonable and necessary costs and expenses of collecting and administering the Tax) to be used for the following purposes: (i) 78% for constructing, overlaying, improving, repairing and maintaining public roads and bridges in the Parish; (ii) 14% for the purchase and maintenance of equipment used for constructing, overlaying, improving, repairing and maintaining public roads and bridges in the Parish; and (iii) 8% for maintenance of the Courthouse?",Richland Parish,1098,567,66,34,pass
2024,Parishwide Proposition No. 2 of 2 -- 1/2% S&U Tax Renewal - PJ - 10 Yrs.,"Shall the Parish of Richland, State of Louisiana (the ""Parish""), be authorized to renew, levy and continue to collect a tax of one half of one percent (1/2%)(the ""Tax"") upon the sale at retail, the use, the rental, the consumption and the storage for use or consumption of tangible personal property and on sales of services in the Parish (an estimated $2,032,491 reasonably expected at this time to be collected from the levy of the Tax for an entire year) for a period of ten (10) years commencing January 1, 2025 and ending December 31, 2034, with the net proceeds of the Tax (after paying the reasonable and necessary costs and expenses of collecting and administering the Tax) to be used for the following purposes: (i) 71% for constructing, improving and maintaining public drains and drainage facilities in the Parish; (ii) 25% for the purchase and maintenance of equipment used for constructing, improving and maintaining public drains and drainage facilities in the Parish; and (iii) 4% for maintenance of the Courthouse?",Richland Parish,1082,575,65,35,pass
2024,Town of Kentwood -- 1% S&U Tax Continuation - M&BOA - 20 Yrs.,"Shall the Town of Kentwood, Parish of Tangipahoa, State of Louisiana, be authorized to continue to levy and collect a tax of one percent (1%) (the ""Tax"") upon the sale at retail of the use, the lease or rental, the consumption, and the storage for use or consumption of tangible personal property and on the sales of services as defined by law in the Town, (with an estimated tax revenue for its first year of $635,700.00), for a period of twenty (20) years from July 1, 2024, with the proceeds of the Tax to be dedicated and used for: not to exceed 50% of the proceeds for the collection of solid waste; the remainder of the proceeds for the purpose of paying police officers and Town employees' salaries; general operating costs of the Town including the sewerage, waterworks and natural gas system; constructing and improving streets, sidewalks, bridges, alleys, drains and drainage canals; acquiring equipment for maintenance, fire protection, public safety; and constructing, improving, and equipping buildings, parks, and recreation facilities title to which shall be in the public?",Tangipahoa Parish,75,44,63,37,pass
2023,Fire Protection District No. 1 -- $50.00 Parcel Fee Renewal - BOC - 10 Yrs.,"Shall Fire Protection District No. 1 of the Parish of Acadia, State of Louisiana (the ""District""), continue to levy and collect annually for a period of 10 years, beginning with the year 2024, a parcel fee of $50.00 on each lot, subdivided portion of ground or individual tract upon which is located, either in whole or in part, a residential or commercial structure, regardless of the structure's being occupied or unoccupied (an estimated $48,300 reasonably expected at this time to be collected from the levy of the parcel fee for an entire year), for the purpose of acquiring, constructing, maintaining and operating fire protection facilities and equipment for the District, including the cost of obtaining water for fire protection purposes and all purposes incidental thereto?",Acadia Parish,162,107,60,40,pass
2023,Village of Mooringsport Prop. No. 1 of 5 -- Wet/Dry-6% Pkg. Alcoh. - M&BOA,"Shall the sale of beverages of alcoholic content containing not more than six percent alcohol by volume be permitted by package only and not for consumption on the premises in the Village of Mooringsport, Caddo Parish, Louisiana?",Caddo Parish,77,34,69,31,pass
2023,Village of Mooringsport Prop. No. 2 of 5 -- Wet/Dry-6% Con. Alcoh. - M&BOA,"Shall the sale of beverages of alcoholic content containing not more than six percent alcohol by volume for consumption on the premises be permitted in the Village of Mooringsport, Caddo Parish, Louisiana?",Caddo Parish,73,34,68,32,pass
2023,Village of Mooringsport Prop. No. 3 of 5 -- Wet/Dry-1/2% Con. Alcoh. - M&BOA,"Shall the sale of beverage alcohol containing one-half of one percent alcohol by volume and above for consumption on the premises be permitted in the Village of Mooringsport, Caddo Parish, Louisiana?",Caddo Parish,70,35,67,33,pass
2023,Village of Mooringsport Prop. No. 4 of 5 -- Wet/Dry-1/2% Pkg. Alcoh. - M&BOA,"Shall the sale of beverages of alcoholic content containing one-half of one percent alcohol by volume and above by the package only and not for consumption on the premises be permitted in the Village of Mooringsport, Caddo Parish, Louisiana?",Caddo Parish,74,34,69,31,pass
